{
  "検索条件:0000":{
    "hostname":"EJNRYDRT01",
    "acl番号":"From_Kaihatsu_1",
    "許可_拒否":"permit",
    "プロトコル":"tcp",
    "送信元IP":"192.168.201.1",
    "送信元ポート":"1050.00",
    "宛先IP":"192.168.100.65",
    "match_acl":{
      "0":{
        "raw_config":"ip access-list extended From_Kaihatsu_1",
        "acl番号":"From_Kaihatsu_1",
        "mode":"extended"
      },
      "1":{
        "raw_config":"permit ip 192.168.201.0 0.0.0.255 any",
        "acl番号":"From_Kaihatsu_1",
        "許可":"permit",
        "プロトコル":"ip",
        "ソースIP":"192.168.201.0",
        "ソースWILD":"0.0.0.255",
        "宛先IP":"0.0.0.0",
        "宛先WILD":"255.255.255.255"
      }
    }
  },
  "検索条件:0001":{
    "hostname":"EJNROBFW03",
    "acl番号":"acl-in_EJBOB_B",
    "許可_拒否":"permit",
    "プロトコル":"tcp",
    "送信元IP":"10.0.32.1",
    "宛先IP":"10.0.64.129",
    "宛先ポート":"8408.00",
    "match_acl":{
      "0":{
        "raw_config":"access-list acl-in_EJBOB_B extended permit tcp object-group G_BO_FT_S object-group g_CO_B-UP_S object-group G_TCP-FTU",
        "acl番号":"acl-in_EJBOB_B",
        "許可":"permit",
        "プロトコル":"tcp",
        "ソースIPogName":"G_BO_FT_S",
        "宛先IPogName":"g_CO_B-UP_S",
        "宛先PORTogName":"G_TCP-FTU"
      }
    }
  }
}
